{
  "codeSystems" : [
    {
      "url" : "http://openhie.org/fhir/customig/ValueSet/client-key-population-values",
      "version" : "1.0.0",
      "status" : "active",
      "name" : "ClientKeyPopulationValues",
      "title" : "Client Key Population Values",
      "description" : "This is an extension of client population values",
      "systems" : ["http://snomed.info/sct"],
      "uses" : {
      },
      "StructureDefinition-client-key-population-extension.html" : "Client Key Population Extension"
    }
  ]
}
