<?xml version="1.0" encoding="UTF-8"?><CodeSystem xmlns="http://hl7.org/fhir"><id value="client-key-population"/><text><status value="generated"/><div xmlns="http://www.w3.org/1999/xhtml"><p>This case-sensitive code system <code>http://openhie.org/fhir/customig/CodeSystem/client-key-population</code> defines the following code:</p><table class="codes"><tr><td style="white-space:nowrap"><b>Code</b></td><td><b>Display</b></td></tr><tr><td style="white-space:nowrap">General-Population<a name="client-key-population-General-Population"> </a></td><td>General Population</td></tr></table></div></text><url value="http://openhie.org/fhir/customig/CodeSystem/client-key-population"/><version value="1.0.0"/><name value="ClientKeyPopulation"/><title value="Client Key Population"/><status value="active"/><experimental value="false"/><date value="2023-12-04T17:40:27+00:00"/><publisher value="Jembi Health Systems"/><contact><name value="Jembi Health Systems"/><telecom><system value="url"/><value value="https://www.jembi.org/"/></telecom><telecom><system value="email"/><value value="info@jembi.org"/></telecom></contact><contact><name value="Joshua Kiluba"/><telecom><system value="email"/><value value="joshua@symbionix.co"/><use value="work"/></telecom></contact><description value="This extension describes the client key population"/><jurisdiction><coding><system value="http://unstats.un.org/unsd/methods/m49/m49.htm"/><code value="001"/><display value="World"/></coding></jurisdiction><caseSensitive value="true"/><content value="complete"/><count value="1"/><concept><code value="General-Population"/><display value="General Population"/></concept></CodeSystem>