<?xml version="1.0" encoding="UTF-8"?>

<Patient xmlns="http://hl7.org/fhir">
  <id value="HIVPatientExample"/>
  <meta>
    <profile value="http://openhie.org/fhir/customig/StructureDefinition/hiv-patient"/>
  </meta>
  <text>
    <status value="generated"/><div xmlns="http://www.w3.org/1999/xhtml"><p style="border: 1px #661aff solid; background-color: #e6e6ff; padding: 10px;"><b>Nour Boug </b> female, DoB: 2000-04-21 ( Patient folder number: M001)</p><hr/><table class="grid"><tr><td style="background-color: #f3f5da" title="Known Marital status of Patient">Marital Status:</td><td colspan="3"><span title="Codes: {http://terminology.hl7.org/CodeSystem/v3-MaritalStatus M}">Married</span></td></tr><tr><td style="background-color: #f3f5da" title="Other Ids (see the one above)">Other Id:</td><td colspan="3">id: N001</td></tr><tr><td style="background-color: #f3f5da" title="Patient Links">Links:</td><td colspan="3"><ul><li>Managing Organization: <a href="Organization/example">Organization/example</a></li></ul></td></tr><tr><td style="background-color: #f3f5da" title=" This is an extension of the Client Key Population Extension"><a href="StructureDefinition-client-key-population-extension.html">Client Key Population Extension:</a></td><td colspan="3"><ul><li><span title="Codes: {http://snomed.info/sct SCT#228388006}">Intravenous drug user</span></li></ul></td></tr></table></div>
  </text>
  <extension url="http://openhie.org/fhir/customig/StructureDefinition/client-key-population-extension">
    <valueCodeableConcept>
      <coding>
        <system value="http://snomed.info/sct"/>
        <code value="SCT#228388006"/>
        <display value="Intravenous drug user"/>
      </coding>
    </valueCodeableConcept>
  </extension>
  <identifier>
    <type>
      <coding>
        <system value="http://terminology.hl7.org/CodeSystem/v2-0203"/>
        <code value="MR"/>
        <display value="Medical record number"/>
      </coding>
      <text value="Patient folder number"/>
    </type>
    <system value="http://openhie.org/fhir/training-solution-1/identifier/nid"/>
    <value value="M001"/>
  </identifier>
  <identifier>
    <system value="http://openhie.org/fhir/training-solution-1/identifier/nid"/>
    <value value="N001"/>
  </identifier>
  <name>
    <family value="Boug"/>
    <given value="Nour"/>
  </name>
  <gender value="female"/>
  <birthDate value="2000-04-21"/>
  <maritalStatus>
    <coding>
      <system value="http://terminology.hl7.org/CodeSystem/v3-MaritalStatus"/>
      <code value="M"/>
    </coding>
  </maritalStatus>
  <managingOrganization>
    <reference value="Organization/example"/>
  </managingOrganization>
</Patient>