{
  "resourceType" : "Patient",
  "id" : "PatientExample",
  "text" : {
    "status" : "generated",
    "div" : "<div xmlns=\"http://www.w3.org/1999/xhtml\"><p style=\"border: 1px #661aff solid; background-color: #e6e6ff; padding: 10px;\"><b>John B. Anyperson </b> male, DoB: 1951-01-20</p><hr/><table class=\"grid\"><tr><td style=\"background-color: #f3f5da\" title=\"Ways to contact the Patient\">Contact Detail:</td><td colspan=\"3\">123 Main St Anytown 12345 US </td></tr><tr><td style=\"background-color: #f3f5da\" title=\"Languages spoken\">Language:</td><td colspan=\"3\"><span title=\"Codes: {urn:ietf:bcp:47 en-US}\">English</span></td></tr><tr><td style=\"background-color: #f3f5da\" title=\"Patient contact\">Contact</td><td colspan=\"3\"><ul><li>ph: 555-555-5555(HOME)</li><li><a href=\"mailto:john.anyperson@example.com\">john.anyperson@example.com</a></li></ul></td></tr></table></div>"
  },
  "name" : [{
    "family" : "Anyperson",
    "given" : ["John",
    "B."]
  }],
  "gender" : "male",
  "birthDate" : "1951-01-20",
  "address" : [{
    "line" : ["123 Main St"],
    "city" : "Anytown",
    "postalCode" : "12345",
    "country" : "US"
  }],
  "contact" : [{
    "telecom" : [{
      "system" : "phone",
      "value" : "555-555-5555",
      "use" : "home"
    },
    {
      "system" : "email",
      "value" : "john.anyperson@example.com"
    }]
  }],
  "communication" : [{
    "language" : {
      "coding" : [{
        "system" : "urn:ietf:bcp:47",
        "code" : "en-US",
        "display" : "English (Region=United States)"
      }],
      "text" : "English"
    }
  }]
}