{
  "resourceType" : "Bundle",
  "id" : "HivBundle",
  "type" : "transaction",
  "entry" : [{
    "fullUrl" : "Patient/Id",
    "resource" : {
      "resourceType" : "Patient",
      "id" : "HIVPatientExample",
      "meta" : {
        "profile" : ["http://openhie.org/fhir/customig/StructureDefinition/hiv-patient"]
      },
      "text" : {
        "status" : "extensions",
        "div" : "<div xmlns=\"http://www.w3.org/1999/xhtml\"><p><b>Generated Narrative: Patient</b><a name=\"HIVPatientExample\"> </a></p><div style=\"display: inline-block; background-color: #d9e0e7; padding: 6px; margin: 4px; border: 1px solid #8da1b4; border-radius: 5px; line-height: 60%\"><p style=\"margin-bottom: 0px\">Resource Patient &quot;HIVPatientExample&quot; </p><p style=\"margin-bottom: 0px\">Profile: <a href=\"StructureDefinition-hiv-patient.html\">hiv-patient</a></p></div><p><b>Client Key Population Extension</b>: Intravenous drug user <span style=\"background: LightGoldenRodYellow; margin: 4px; border: 1px solid khaki\"> (<a href=\"https://browser.ihtsdotools.org/\">SNOMED CT</a>#SCT#228388006)</span></p><p><b>identifier</b>: Patient folder number:\u00a0M001, id:\u00a0N001</p><p><b>name</b>: Nour Boug </p><p><b>gender</b>: female</p><p><b>birthDate</b>: 2000-04-21</p><p><b>maritalStatus</b>: Married <span style=\"background: LightGoldenRodYellow; margin: 4px; border: 1px solid khaki\"> (<a href=\"http://terminology.hl7.org/5.3.0/CodeSystem-v3-MaritalStatus.html\">MaritalStatus</a>#M)</span></p><p><b>managingOrganization</b>: <a href=\"Organization/example\">Organization/example</a></p></div>"
      },
      "extension" : [{
        "url" : "http://openhie.org/fhir/customig/StructureDefinition/client-key-population-extension",
        "valueCodeableConcept" : {
          "coding" : [{
            "system" : "http://snomed.info/sct",
            "code" : "SCT#228388006",
            "display" : "Intravenous drug user"
          }]
        }
      }],
      "identifier" : [{
        "type" : {
          "coding" : [{
            "system" : "http://terminology.hl7.org/CodeSystem/v2-0203",
            "code" : "MR",
            "display" : "Medical record number"
          }],
          "text" : "Patient folder number"
        },
        "system" : "http://openhie.org/fhir/training-solution-1/identifier/nid",
        "value" : "M001"
      },
      {
        "system" : "http://openhie.org/fhir/training-solution-1/identifier/nid",
        "value" : "N001"
      }],
      "name" : [{
        "family" : "Boug",
        "given" : ["Nour"]
      }],
      "gender" : "female",
      "birthDate" : "2000-04-21",
      "maritalStatus" : {
        "coding" : [{
          "system" : "http://terminology.hl7.org/CodeSystem/v3-MaritalStatus",
          "code" : "M"
        }]
      },
      "managingOrganization" : {
        "reference" : "Organization/example"
      }
    },
    "request" : {
      "method" : "PUT",
      "url" : "Patient/Id"
    }
  }]
}